timestamp,country,city,latitude,longitude,pm25,pm10,no2,so2,o3,co,aqi,temperature,humidity,wind_speed,DATETIME,HOUR,DATE,TIME_PERIOD
2025-11-04 18:25:17.554219,US,Los Angeles,34.052,-118.244,52.994,63.756,45.007,7.112,18.348,0.881,112,10.374,33.796,6.13,2025-11-04 18:25:17.554219,18,2025-11-04,Transition
2025-11-04 19:25:17.554219,US,Los Angeles,34.052,-118.244,48.895,61.196,28.674,2.427,58.109,0.692,97,19.552,72.558,0.876,2025-11-04 19:25:17.554219,19,2025-11-04,Transition
2025-11-04 20:25:17.554219,US,Los Angeles,34.052,-118.244,48.783,75.591,5.33,6.02,64.939,0.483,97,37.414,69.167,4.996,2025-11-04 20:25:17.554219,20,2025-11-04,Transition
2025-11-04 21:25:17.554219,US,Los Angeles,34.052,-118.244,36.137,38.626,8.707,2.248,15.207,0.779,72,20.611,88.384,9.406,2025-11-04 21:25:17.554219,21,2025-11-04,Transition
2025-11-04 22:25:17.554219,US,Los Angeles,34.052,-118.244,18.207,82.398,10.019,5.635,25.065,0.806,82,8.025,37.556,8.882,2025-11-04 22:25:17.554219,22,2025-11-04,Night (10PM-5AM)
2025-11-04 23:25:17.554219,US,Los Angeles,34.052,-118.244,12.875,54.365,6.249,9.057,69.759,0.665,54,31.948,67.028,7.953,2025-11-04 23:25:17.554219,23,2025-11-04,Night (10PM-5AM)
2025-11-05 00:25:17.554219,US,Los Angeles,34.052,-118.244,60.44,92.739,19.421,2.677,48.283,0.925,120,5.882,63.485,8.883,2025-11-05 00:25:17.554219,0,2025-11-05,Night (10PM-5AM)
2025-11-05 01:25:17.554219,US,Los Angeles,34.052,-118.244,50.594,95.691,30.462,1.562,24.508,0.545,101,11.92,31.307,2.482,2025-11-05 01:25:17.554219,1,2025-11-05,Night (10PM-5AM)
2025-11-05 02:25:17.554219,US,Los Angeles,34.052,-118.244,42.597,29.473,42.919,5.113,47.46,1.139,107,34.602,88.112,4.873,2025-11-05 02:25:17.554219,2,2025-11-05,Night (10PM-5AM)
2025-11-05 03:25:17.554219,US,Los Angeles,34.052,-118.244,26.221,36.687,48.132,12.946,40.979,0.836,120,16.924,38.857,6.361,2025-11-05 03:25:17.554219,3,2025-11-05,Night (10PM-5AM)
2025-11-05 04:25:17.554219,US,Los Angeles,34.052,-118.244,53.453,105.986,70.823,3.603,19.366,0.681,177,14.949,36.819,4.127,2025-11-05 04:25:17.554219,4,2025-11-05,Night (10PM-5AM)
2025-11-05 05:25:17.554219,US,Los Angeles,34.052,-118.244,24.811,52.537,47.382,9.369,79.495,1.037,118,19.084,52.202,2.525,2025-11-05 05:25:17.554219,5,2025-11-05,Night (10PM-5AM)
2025-11-05 06:25:17.554219,US,Los Angeles,34.052,-118.244,42.813,96.315,37.91,8.495,51.44,1.016,96,7.791,54.861,9.976,2025-11-05 06:25:17.554219,6,2025-11-05,Transition
2025-11-05 07:25:17.554219,US,Los Angeles,34.052,-118.244,39.754,52.343,26.792,6.075,46.135,0.871,79,8.406,40.535,6.558,2025-11-05 07:25:17.554219,7,2025-11-05,Transition
2025-11-05 08:25:17.554219,US,Los Angeles,34.052,-118.244,17.074,72.31,11.736,6.077,72.026,0.506,72,24.853,81.395,2.345,2025-11-05 08:25:17.554219,8,2025-11-05,Transition
2025-11-05 09:25:17.554219,US,Los Angeles,34.052,-118.244,24.085,68.19,1.741,6.19,51.108,0.5,68,15.806,46.032,4.843,2025-11-05 09:25:17.554219,9,2025-11-05,Transition
2025-11-05 10:25:17.554219,US,Los Angeles,34.052,-118.244,39.337,64.668,33.007,2.983,47.081,1.072,82,28.021,66.954,6.314,2025-11-05 10:25:17.554219,10,2025-11-05,Peak (10AM-4PM)
2025-11-05 11:25:17.554219,US,Los Angeles,34.052,-118.244,49.049,33.538,41.875,5.985,46.719,1.08,104,24.218,39.551,8.634,2025-11-05 11:25:17.554219,11,2025-11-05,Peak (10AM-4PM)
2025-11-05 12:25:17.554219,US,Los Angeles,34.052,-118.244,58.556,62.221,21.389,3.361,41.707,0.45,117,16.533,44.649,5.735,2025-11-05 12:25:17.554219,12,2025-11-05,Peak (10AM-4PM)
2025-11-05 13:25:17.554219,US,Los Angeles,34.052,-118.244,34.042,81.514,31.268,3.301,53.611,0.537,81,31.394,52.454,1.907,2025-11-05 13:25:17.554219,13,2025-11-05,Peak (10AM-4PM)
2025-11-05 14:25:17.554219,US,Los Angeles,34.052,-118.244,53.222,78.909,23.226,4.119,32.152,0.676,106,7.026,28.468,8.59,2025-11-05 14:25:17.554219,14,2025-11-05,Peak (10AM-4PM)
2025-11-05 15:25:17.554219,US,Los Angeles,34.052,-118.244,19.87,78.973,41.772,2.752,67.129,0.609,104,22.77,39.303,5.938,2025-11-05 15:25:17.554219,15,2025-11-05,Peak (10AM-4PM)
2025-11-05 16:25:17.554219,US,Los Angeles,34.052,-118.244,43.396,102.258,22.763,10.008,43.189,0.638,102,36.737,81.193,6.296,2025-11-05 16:25:17.554219,16,2025-11-05,Peak (10AM-4PM)
2025-11-05 17:25:17.554219,US,Los Angeles,34.052,-118.244,51.508,77.223,30.095,6.114,16.574,0.732,103,15.072,25.737,6.696,2025-11-05 17:25:17.554219,17,2025-11-05,Transition
2025-11-05 18:25:17.554219,US,Los Angeles,34.052,-118.244,43.326,90.472,12.625,5.652,70.443,0.74,90,18.545,45.573,4.378,2025-11-05 18:25:17.554219,18,2025-11-05,Transition
2025-11-05 19:25:17.554219,US,Los Angeles,34.052,-118.244,51.434,64.172,25.856,11.283,39.755,0.708,102,32.374,60.403,2.596,2025-11-05 19:25:17.554219,19,2025-11-05,Transition
2025-11-05 20:25:17.554219,US,Los Angeles,34.052,-118.244,57.775,66.589,55.191,3.336,31.152,0.804,137,24.067,55.398,7.151,2025-11-05 20:25:17.554219,20,2025-11-05,Transition
2025-11-05 21:25:17.554219,US,Los Angeles,34.052,-118.244,69.858,96.642,28.282,7.049,64.766,1.279,139,33.137,25.824,0.894,2025-11-05 21:25:17.554219,21,2025-11-05,Transition
2025-11-05 22:25:17.554219,US,Los Angeles,34.052,-118.244,41.808,70.228,44.815,4.498,58.575,0.311,112,30.009,36.85,0.538,2025-11-05 22:25:17.554219,22,2025-11-05,Night (10PM-5AM)
2025-11-05 23:25:17.554219,US,Los Angeles,34.052,-118.244,30.744,55.305,52.191,5.528,53.417,0.568,130,20.597,68.215,3.769,2025-11-05 23:25:17.554219,23,2025-11-05,Night (10PM-5AM)
2025-11-06 00:25:17.554219,US,Los Angeles,34.052,-118.244,52.401,102.973,11.32,3.57,55.143,0.613,104,33.753,74.803,4.59,2025-11-06 00:25:17.554219,0,2025-11-06,Night (10PM-5AM)
2025-11-06 01:25:17.554219,US,Los Angeles,34.052,-118.244,43.024,98.008,40.466,3.374,40.356,0.526,101,36.88,50.834,7.956,2025-11-06 01:25:17.554219,1,2025-11-06,Night (10PM-5AM)
2025-11-06 02:25:17.554219,US,Los Angeles,34.052,-118.244,21.488,71.278,32.091,0.673,35.465,0.686,80,31.887,86.908,8.04,2025-11-06 02:25:17.554219,2,2025-11-06,Night (10PM-5AM)
2025-11-06 03:25:17.554219,US,Los Angeles,34.052,-118.244,76.949,72.329,25.935,1.758,66.566,0.823,153,30.893,47.355,5.896,2025-11-06 03:25:17.554219,3,2025-11-06,Night (10PM-5AM)
2025-11-06 04:25:17.554219,US,Los Angeles,34.052,-118.244,39.438,88.696,39.507,3.433,55.492,0.414,98,19.3,59.488,9.95,2025-11-06 04:25:17.554219,4,2025-11-06,Night (10PM-5AM)
2025-11-06 05:25:17.554219,US,Los Angeles,34.052,-118.244,52.755,28.399,24.8,8.907,33.568,0.785,105,5.053,86.519,2.01,2025-11-06 05:25:17.554219,5,2025-11-06,Night (10PM-5AM)
2025-11-06 06:25:17.554219,US,Los Angeles,34.052,-118.244,25.16,115.415,8.992,8.557,48.316,1.205,115,6.869,29.167,0.557,2025-11-06 06:25:17.554219,6,2025-11-06,Transition
2025-11-06 07:25:17.554219,US,Los Angeles,34.052,-118.244,39.821,66.247,43.326,3.832,41.683,0.708,108,31.568,25.604,8.509,2025-11-06 07:25:17.554219,7,2025-11-06,Transition
2025-11-06 08:25:17.554219,US,Los Angeles,34.052,-118.244,56.588,93.139,15.996,5.24,56.225,1.223,113,34.808,62.451,2.5,2025-11-06 08:25:17.554219,8,2025-11-06,Transition
2025-11-06 09:25:17.554219,US,Los Angeles,34.052,-118.244,40.238,93.675,51.682,6.736,68.136,0.795,129,25.681,41.631,5.607,2025-11-06 09:25:17.554219,9,2025-11-06,Transition
2025-11-06 10:25:17.554219,US,Los Angeles,34.052,-118.244,42.979,79.773,47.906,4.869,47.525,0.89,119,17.182,58.763,1.904,2025-11-06 10:25:17.554219,10,2025-11-06,Peak (10AM-4PM)
2025-11-06 11:25:17.554219,US,Los Angeles,34.052,-118.244,38.022,93.972,28.075,7.21,55.707,1.311,93,35.551,79.379,3.785,2025-11-06 11:25:17.554219,11,2025-11-06,Peak (10AM-4PM)
2025-11-06 12:25:17.554219,US,Los Angeles,34.052,-118.244,26.619,16.327,42.198,8.032,56.737,0.775,105,32.763,30.897,9.576,2025-11-06 12:25:17.554219,12,2025-11-06,Peak (10AM-4PM)
2025-11-06 13:25:17.554219,US,Los Angeles,34.052,-118.244,44.978,68.191,34.631,4.749,45.237,1.316,89,28.396,45.788,2.502,2025-11-06 13:25:17.554219,13,2025-11-06,Peak (10AM-4PM)
2025-11-06 14:25:17.554219,US,Los Angeles,34.052,-118.244,47.015,56.354,36.644,4.497,60.655,0.772,94,34.099,65.263,3.984,2025-11-06 14:25:17.554219,14,2025-11-06,Peak (10AM-4PM)
2025-11-06 15:25:17.554219,US,Los Angeles,34.052,-118.244,66.781,100.338,51.184,7.267,38.341,0.564,133,17.982,55.348,8.385,2025-11-06 15:25:17.554219,15,2025-11-06,Peak (10AM-4PM)
2025-11-06 16:25:17.554219,US,Los Angeles,34.052,-118.244,55.004,39.076,13.866,3.47,48.132,0.872,110,37.06,40.633,9.061,2025-11-06 16:25:17.554219,16,2025-11-06,Peak (10AM-4PM)
2025-11-06 17:25:17.554219,US,Los Angeles,34.052,-118.244,68.466,111.708,7.44,11.952,69.604,0.708,136,34.886,79.878,3.662,2025-11-06 17:25:17.554219,17,2025-11-06,Transition
2025-11-06 18:25:17.554219,US,Los Angeles,34.052,-118.244,40.35,94.204,45.483,3.334,45.43,0.84,113,26.863,37.13,5.948,2025-11-06 18:25:17.554219,18,2025-11-06,Transition
2025-11-06 19:25:17.554219,US,Los Angeles,34.052,-118.244,33.114,39.677,24.907,5.33,21.802,0.56,66,29.292,73.24,7.271,2025-11-06 19:25:17.554219,19,2025-11-06,Transition
2025-11-06 20:25:17.554219,US,Los Angeles,34.052,-118.244,45.931,57.145,30.372,5.284,30.333,1.104,91,27.611,87.515,3.114,2025-11-06 20:25:17.554219,20,2025-11-06,Transition
2025-11-06 21:25:17.554219,US,Los Angeles,34.052,-118.244,56.546,45.656,5.188,6.486,41.741,0.603,113,30.535,33.375,3.134,2025-11-06 21:25:17.554219,21,2025-11-06,Transition
2025-11-06 22:25:17.554219,US,Los Angeles,34.052,-118.244,50.017,79.434,63.564,6.058,61.446,0.768,158,14.741,87.292,4.845,2025-11-06 22:25:17.554219,22,2025-11-06,Night (10PM-5AM)
2025-11-06 23:25:17.554219,US,Los Angeles,34.052,-118.244,10.177,127.093,22.794,3.775,35.392,0.689,127,10.168,64.641,1.483,2025-11-06 23:25:17.554219,23,2025-11-06,Night (10PM-5AM)
2025-11-07 00:25:17.554219,US,Los Angeles,34.052,-118.244,30.824,136.985,20.694,2.304,60.711,0.995,136,30.052,47.868,4.189,2025-11-07 00:25:17.554219,0,2025-11-07,Night (10PM-5AM)
2025-11-07 01:25:17.554219,US,Los Angeles,34.052,-118.244,36.152,80.414,26.256,9.062,67.031,0.968,80,27.602,57.824,5.922,2025-11-07 01:25:17.554219,1,2025-11-07,Night (10PM-5AM)
2025-11-07 02:25:17.554219,US,Los Angeles,34.052,-118.244,11.753,60.555,16.029,6.432,52.184,1.205,60,30.394,56.291,1.143,2025-11-07 02:25:17.554219,2,2025-11-07,Night (10PM-5AM)
2025-11-07 03:25:17.554219,US,Los Angeles,34.052,-118.244,13.296,67.683,48.861,8.132,54.164,0.937,122,28.942,42.178,8.235,2025-11-07 03:25:17.554219,3,2025-11-07,Night (10PM-5AM)
2025-11-07 04:25:17.554219,US,Los Angeles,34.052,-118.244,39.288,75.817,16.967,6.027,27.184,0.806,78,36.129,53.33,1.051,2025-11-07 04:25:17.554219,4,2025-11-07,Night (10PM-5AM)
2025-11-07 05:25:17.554219,US,Los Angeles,34.052,-118.244,68.306,78.212,26.977,6.749,70.845,1.206,136,28.087,82.745,8.961,2025-11-07 05:25:17.554219,5,2025-11-07,Night (10PM-5AM)
2025-11-07 06:25:17.554219,US,Los Angeles,34.052,-118.244,53.689,79.806,1.224,5.73,50.313,0.868,107,30.876,53.892,3.635,2025-11-07 06:25:17.554219,6,2025-11-07,Transition
2025-11-07 07:25:17.554219,US,Los Angeles,34.052,-118.244,29.405,62.203,46.271,1.859,62.033,0.571,115,34.665,74.09,6.763,2025-11-07 07:25:17.554219,7,2025-11-07,Transition
2025-11-07 08:25:17.554219,US,Los Angeles,34.052,-118.244,59.108,113.697,13.679,6.077,68.862,0.826,118,8.865,45.886,2.328,2025-11-07 08:25:17.554219,8,2025-11-07,Transition
2025-11-07 09:25:17.554219,US,Los Angeles,34.052,-118.244,37.268,52.284,44.467,6.527,55.57,0.181,111,35.606,49.501,6.127,2025-11-07 09:25:17.554219,9,2025-11-07,Transition
2025-11-07 10:25:17.554219,US,Los Angeles,34.052,-118.244,51.986,52.323,9.131,6.115,55.852,0.879,103,12.041,56.932,8.693,2025-11-07 10:25:17.554219,10,2025-11-07,Peak (10AM-4PM)
2025-11-07 11:25:17.554219,US,Los Angeles,34.052,-118.244,46.807,97.397,40.553,16.559,50.303,0.317,101,19.615,34.083,2.234,2025-11-07 11:25:17.554219,11,2025-11-07,Peak (10AM-4PM)
2025-11-07 12:25:17.554219,US,Los Angeles,34.052,-118.244,56.005,62.536,28.932,5.623,80.807,1.329,112,10.742,75.558,2.415,2025-11-07 12:25:17.554219,12,2025-11-07,Peak (10AM-4PM)
2025-11-07 13:25:17.554219,US,Los Angeles,34.052,-118.244,36.804,38.041,14.98,6.757,82.696,0.761,73,32.742,82.691,3.964,2025-11-07 13:25:17.554219,13,2025-11-07,Peak (10AM-4PM)
2025-11-07 14:25:17.554219,US,Los Angeles,34.052,-118.244,36.812,70.952,31.275,3.189,32.895,0.844,78,5.19,86.878,9.759,2025-11-07 14:25:17.554219,14,2025-11-07,Peak (10AM-4PM)
2025-11-07 15:25:17.554219,US,Los Angeles,34.052,-118.244,49.555,73.043,30.038,7.228,63.635,0.68,99,17.486,33.448,8.169,2025-11-07 15:25:17.554219,15,2025-11-07,Peak (10AM-4PM)
2025-11-07 16:25:17.554219,US,Los Angeles,34.052,-118.244,48.651,49.151,14.895,6.825,32.267,1.093,97,36.006,73.511,4.934,2025-11-07 16:25:17.554219,16,2025-11-07,Peak (10AM-4PM)
2025-11-07 17:25:17.554219,US,Los Angeles,34.052,-118.244,32.614,35.588,55.616,2.791,29.83,0.577,139,5.457,42.056,0.81,2025-11-07 17:25:17.554219,17,2025-11-07,Transition
2025-11-07 18:25:17.554219,US,Los Angeles,34.052,-118.244,36.257,23.289,17.526,2.502,42.863,0.835,72,20.861,59.727,9.776,2025-11-07 18:25:17.554219,18,2025-11-07,Transition
2025-11-07 19:25:17.554219,US,Los Angeles,34.052,-118.244,13.585,58.874,17.375,5.381,36.969,0.889,58,23.397,40.849,5.749,2025-11-07 19:25:17.554219,19,2025-11-07,Transition
2025-11-07 20:25:17.554219,US,Los Angeles,34.052,-118.244,40.232,93.894,36.559,3.398,58.056,0.875,93,28.823,34.993,3.524,2025-11-07 20:25:17.554219,20,2025-11-07,Transition
2025-11-07 21:25:17.554219,US,Los Angeles,34.052,-118.244,45.212,79.662,23.547,4.324,28.03,0.931,90,27.482,66.301,7.909,2025-11-07 21:25:17.554219,21,2025-11-07,Transition
2025-11-07 22:25:17.554219,US,Los Angeles,34.052,-118.244,30.142,68.652,27.63,2.739,26.588,0.808,69,26.447,56.413,8.446,2025-11-07 22:25:17.554219,22,2025-11-07,Night (10PM-5AM)
2025-11-07 23:25:17.554219,US,Los Angeles,34.052,-118.244,66.67,60.494,59.884,4.005,74.492,0.79,149,29.587,27.12,5.916,2025-11-07 23:25:17.554219,23,2025-11-07,Night (10PM-5AM)
2025-11-08 00:25:17.554219,US,Los Angeles,34.052,-118.244,54.815,46.744,12.368,7.279,50.895,1.125,109,32.213,63.901,2.362,2025-11-08 00:25:17.554219,0,2025-11-08,Night (10PM-5AM)
2025-11-08 01:25:17.554219,US,Los Angeles,34.052,-118.244,33.512,58.715,33.744,8.12,56.829,0.775,84,25.682,60.233,0.796,2025-11-08 01:25:17.554219,1,2025-11-08,Night (10PM-5AM)
2025-11-08 02:25:17.554219,US,Los Angeles,34.052,-118.244,22.775,40.212,42.378,6.082,50.907,0.432,105,22.878,74.567,2.725,2025-11-08 02:25:17.554219,2,2025-11-08,Night (10PM-5AM)
2025-11-08 03:25:17.554219,US,Los Angeles,34.052,-118.244,33.22,27.03,27.355,8.325,33.802,0.987,68,36.896,25.626,6.897,2025-11-08 03:25:17.554219,3,2025-11-08,Night (10PM-5AM)
2025-11-08 04:25:17.554219,US,Los Angeles,34.052,-118.244,32.161,96.253,38.813,5.743,34.661,0.491,97,30.642,28.777,9.212,2025-11-08 04:25:17.554219,4,2025-11-08,Night (10PM-5AM)
2025-11-08 05:25:17.554219,US,Los Angeles,34.052,-118.244,15.566,61.527,61.655,5.486,54.874,1.061,154,30.862,58.168,1.927,2025-11-08 05:25:17.554219,5,2025-11-08,Night (10PM-5AM)
2025-11-08 06:25:17.554219,US,Los Angeles,34.052,-118.244,35.787,86.613,56.071,3.226,16.556,0.929,140,19.332,76.222,2.921,2025-11-08 06:25:17.554219,6,2025-11-08,Transition
2025-11-08 07:25:17.554219,US,Los Angeles,34.052,-118.244,40.039,88.235,22.469,11.041,59.528,0.526,88,28.459,30.976,6.017,2025-11-08 07:25:17.554219,7,2025-11-08,Transition
2025-11-08 08:25:17.554219,US,Los Angeles,34.052,-118.244,19.02,92.323,1.912,7.369,27.139,1.088,92,28.686,50.221,2.462,2025-11-08 08:25:17.554219,8,2025-11-08,Transition
2025-11-08 09:25:17.554219,US,Los Angeles,34.052,-118.244,51.102,66.911,46.849,6.819,50.694,1.322,117,34.692,69.737,2.982,2025-11-08 09:25:17.554219,9,2025-11-08,Transition
2025-11-08 10:25:17.554219,US,Los Angeles,34.052,-118.244,33.184,104.563,40.818,10.224,67.158,0.938,104,8.138,30.352,2.964,2025-11-08 10:25:17.554219,10,2025-11-08,Peak (10AM-4PM)
2025-11-08 11:25:17.554219,US,Los Angeles,34.052,-118.244,28.179,85.628,33.488,3.753,46.532,0.892,85,7.943,55.008,8.194,2025-11-08 11:25:17.554219,11,2025-11-08,Peak (10AM-4PM)
2025-11-08 12:25:17.554219,US,Los Angeles,34.052,-118.244,44.053,92.956,34.005,7.917,20.227,0.905,92,26.988,64.577,2.844,2025-11-08 12:25:17.554219,12,2025-11-08,Peak (10AM-4PM)
2025-11-08 13:25:17.554219,US,Los Angeles,34.052,-118.244,50.884,42.572,8.351,1.779,63.588,0.339,101,29.372,34.427,8.457,2025-11-08 13:25:17.554219,13,2025-11-08,Peak (10AM-4PM)
2025-11-08 14:25:17.554219,US,Los Angeles,34.052,-118.244,58.992,50.833,18.164,5.582,54.912,0.907,117,33.07,77.792,2.498,2025-11-08 14:25:17.554219,14,2025-11-08,Peak (10AM-4PM)
2025-11-08 15:25:17.554219,US,Los Angeles,34.052,-118.244,49.626,112.965,25.723,5.024,47.383,0.492,112,5.375,85.998,7.347,2025-11-08 15:25:17.554219,15,2025-11-08,Peak (10AM-4PM)
2025-11-08 16:25:17.554219,US,Los Angeles,34.052,-118.244,46.34,83.219,43.293,8.589,57.143,0.827,108,19.681,39.449,4.039,2025-11-08 16:25:17.554219,16,2025-11-08,Peak (10AM-4PM)
2025-11-08 17:25:17.554219,US,Los Angeles,34.052,-118.244,42.058,62.001,29.924,6.961,63.975,0.531,84,37.364,54.455,5.487,2025-11-08 17:25:17.554219,17,2025-11-08,Transition
2025-11-08 18:25:17.554219,US,Los Angeles,34.052,-118.244,24.242,71.212,32.08,8.036,25.733,0.532,80,7.16,63.955,3.899,2025-11-08 18:25:17.554219,18,2025-11-08,Transition
2025-11-08 19:25:17.554219,US,Los Angeles,34.052,-118.244,81.454,58.608,21.521,0.758,51.345,0.71,162,23.064,77.289,9.801,2025-11-08 19:25:17.554219,19,2025-11-08,Transition
2025-11-08 20:25:17.554219,US,Los Angeles,34.052,-118.244,12.773,101.956,67.899,7.336,46.397,1.016,169,29.159,79.433,7.79,2025-11-08 20:25:17.554219,20,2025-11-08,Transition
2025-11-08 21:25:17.554219,US,Los Angeles,34.052,-118.244,47.145,107.671,32.077,2.755,28.362,0.743,107,37.914,50.761,3.023,2025-11-08 21:25:17.554219,21,2025-11-08,Transition
2025-11-08 22:25:17.554219,US,Los Angeles,34.052,-118.244,45.356,67.658,29.217,10.868,53.174,0.871,90,23.385,38.564,4.581,2025-11-08 22:25:17.554219,22,2025-11-08,Night (10PM-5AM)
2025-11-08 23:25:17.554219,US,Los Angeles,34.052,-118.244,64.042,81.447,42.503,6.272,53.203,0.532,128,28.737,64.224,1.426,2025-11-08 23:25:17.554219,23,2025-11-08,Night (10PM-5AM)
2025-11-09 00:25:17.554219,US,Los Angeles,34.052,-118.244,51.823,68.072,40.189,6.977,58.865,0.721,103,31.932,58.209,4.794,2025-11-09 00:25:17.554219,0,2025-11-09,Night (10PM-5AM)
2025-11-09 01:25:17.554219,US,Los Angeles,34.052,-118.244,47.149,102.551,39.922,6.631,24.881,0.705,102,18.291,84.496,1.313,2025-11-09 01:25:17.554219,1,2025-11-09,Night (10PM-5AM)
2025-11-09 02:25:17.554219,US,Los Angeles,34.052,-118.244,14.568,94.89,52.661,2.717,50.989,0.811,131,33.322,28.435,2.056,2025-11-09 02:25:17.554219,2,2025-11-09,Night (10PM-5AM)
2025-11-09 03:25:17.554219,US,Los Angeles,34.052,-118.244,45.109,19.824,46.508,3.675,58.23,0.648,116,7.851,71.47,7.581,2025-11-09 03:25:17.554219,3,2025-11-09,Night (10PM-5AM)
2025-11-09 04:25:17.554219,US,Los Angeles,34.052,-118.244,75.418,68.856,6.963,8.767,48.824,0.817,150,36.554,83.613,8.302,2025-11-09 04:25:17.554219,4,2025-11-09,Night (10PM-5AM)
2025-11-09 05:25:17.554219,US,Los Angeles,34.052,-118.244,64.11,78.674,22.816,8.203,70.198,0.573,128,21.515,80.699,7.815,2025-11-09 05:25:17.554219,5,2025-11-09,Night (10PM-5AM)
2025-11-09 06:25:17.554219,US,Los Angeles,34.052,-118.244,24.116,62.831,48.971,5.7,45.765,0.729,122,13.571,43.443,1.538,2025-11-09 06:25:17.554219,6,2025-11-09,Transition
2025-11-09 07:25:17.554219,US,Los Angeles,34.052,-118.244,47.963,52.045,53.779,9.657,64.096,0.989,134,15.37,51.366,4.09,2025-11-09 07:25:17.554219,7,2025-11-09,Transition
2025-11-09 08:25:17.554219,US,Los Angeles,34.052,-118.244,63.052,52.531,22.185,2.501,59.87,0.715,126,36.532,58.0,9.938,2025-11-09 08:25:17.554219,8,2025-11-09,Transition
2025-11-09 09:25:17.554219,US,Los Angeles,34.052,-118.244,42.571,79.318,35.67,6.199,43.179,0.711,89,37.763,40.66,9.881,2025-11-09 09:25:17.554219,9,2025-11-09,Transition
2025-11-09 10:25:17.554219,US,Los Angeles,34.052,-118.244,50.04,51.824,36.97,7.373,54.871,1.045,100,27.573,71.791,0.877,2025-11-09 10:25:17.554219,10,2025-11-09,Peak (10AM-4PM)
2025-11-09 11:25:17.554219,US,Los Angeles,34.052,-118.244,42.789,67.873,25.004,6.265,66.738,0.656,85,35.743,72.814,8.701,2025-11-09 11:25:17.554219,11,2025-11-09,Peak (10AM-4PM)
2025-11-09 12:25:17.554219,US,Los Angeles,34.052,-118.244,41.275,54.21,18.032,8.496,51.797,0.688,82,7.894,81.057,1.354,2025-11-09 12:25:17.554219,12,2025-11-09,Peak (10AM-4PM)
2025-11-09 13:25:17.554219,US,Los Angeles,34.052,-118.244,55.165,58.071,48.42,7.874,15.996,0.933,121,10.018,66.026,9.166,2025-11-09 13:25:17.554219,13,2025-11-09,Peak (10AM-4PM)
2025-11-09 14:25:17.554219,US,Los Angeles,34.052,-118.244,51.331,91.847,29.342,8.283,30.912,0.798,102,21.274,69.772,8.988,2025-11-09 14:25:17.554219,14,2025-11-09,Peak (10AM-4PM)
2025-11-09 15:25:17.554219,US,Los Angeles,34.052,-118.244,36.466,68.651,33.085,7.861,35.443,0.931,82,25.28,57.831,6.768,2025-11-09 15:25:17.554219,15,2025-11-09,Peak (10AM-4PM)
2025-11-09 16:25:17.554219,US,Los Angeles,34.052,-118.244,34.273,76.456,16.945,9.588,58.302,0.811,76,13.158,46.423,3.805,2025-11-09 16:25:17.554219,16,2025-11-09,Peak (10AM-4PM)
2025-11-09 17:25:17.554219,US,Los Angeles,34.052,-118.244,20.35,107.752,13.189,7.951,38.568,0.968,107,31.838,39.318,1.909,2025-11-09 17:25:17.554219,17,2025-11-09,Transition
2025-11-09 18:25:17.554219,US,Los Angeles,34.052,-118.244,14.426,47.675,30.977,6.582,39.887,0.897,77,34.867,58.975,6.197,2025-11-09 18:25:17.554219,18,2025-11-09,Transition
2025-11-09 19:25:17.554219,US,Los Angeles,34.052,-118.244,38.33,74.138,24.872,5.66,41.488,0.875,76,36.257,38.305,9.277,2025-11-09 19:25:17.554219,19,2025-11-09,Transition
2025-11-09 20:25:17.554219,US,Los Angeles,34.052,-118.244,7.478,82.951,18.569,9.1,27.762,1.006,82,10.196,45.396,9.386,2025-11-09 20:25:17.554219,20,2025-11-09,Transition
2025-11-09 21:25:17.554219,US,Los Angeles,34.052,-118.244,39.905,50.744,34.958,5.721,70.934,0.79,87,7.96,25.253,1.419,2025-11-09 21:25:17.554219,21,2025-11-09,Transition
2025-11-09 22:25:17.554219,US,Los Angeles,34.052,-118.244,40.474,71.573,9.555,7.186,55.307,0.918,80,11.521,68.236,8.313,2025-11-09 22:25:17.554219,22,2025-11-09,Night (10PM-5AM)
2025-11-09 23:25:17.554219,US,Los Angeles,34.052,-118.244,46.468,94.606,48.546,4.898,35.118,0.756,121,24.443,69.992,5.246,2025-11-09 23:25:17.554219,23,2025-11-09,Night (10PM-5AM)
2025-11-10 00:25:17.554219,US,Los Angeles,34.052,-118.244,24.47,98.939,33.013,3.276,31.894,0.643,98,10.326,45.998,7.803,2025-11-10 00:25:17.554219,0,2025-11-10,Night (10PM-5AM)
2025-11-10 01:25:17.554219,US,Los Angeles,34.052,-118.244,37.835,65.701,12.514,2.723,43.336,1.076,75,31.41,58.414,7.348,2025-11-10 01:25:17.554219,1,2025-11-10,Night (10PM-5AM)
2025-11-10 02:25:17.554219,US,Los Angeles,34.052,-118.244,47.434,70.233,28.433,3.061,59.819,0.917,94,15.633,61.494,6.529,2025-11-10 02:25:17.554219,2,2025-11-10,Night (10PM-5AM)
2025-11-10 03:25:17.554219,US,Los Angeles,34.052,-118.244,50.043,61.86,19.777,8.646,20.404,1.226,100,36.471,37.928,2.015,2025-11-10 03:25:17.554219,3,2025-11-10,Night (10PM-5AM)
2025-11-10 04:25:17.554219,US,Los Angeles,34.052,-118.244,48.672,73.379,11.83,3.776,37.909,1.082,97,35.474,71.3,4.749,2025-11-10 04:25:17.554219,4,2025-11-10,Night (10PM-5AM)
2025-11-10 05:25:17.554219,US,Los Angeles,34.052,-118.244,47.618,41.282,47.641,10.504,24.756,0.795,119,14.456,43.081,6.331,2025-11-10 05:25:17.554219,5,2025-11-10,Night (10PM-5AM)
2025-11-10 06:25:17.554219,US,Los Angeles,34.052,-118.244,44.652,0.82,59.891,5.071,49.479,0.862,149,22.962,57.98,7.802,2025-11-10 06:25:17.554219,6,2025-11-10,Transition
2025-11-10 07:25:17.554219,US,Los Angeles,34.052,-118.244,46.068,110.071,22.944,6.958,59.644,0.812,110,30.678,35.572,7.278,2025-11-10 07:25:17.554219,7,2025-11-10,Transition
2025-11-10 08:25:17.554219,US,Los Angeles,34.052,-118.244,23.48,59.422,28.723,8.491,41.319,0.84,71,36.661,78.756,5.125,2025-11-10 08:25:17.554219,8,2025-11-10,Transition
2025-11-10 09:25:17.554219,US,Los Angeles,34.052,-118.244,33.998,97.002,36.403,10.442,52.67,0.531,97,17.255,49.169,4.505,2025-11-10 09:25:17.554219,9,2025-11-10,Transition
2025-11-10 10:25:17.554219,US,Los Angeles,34.052,-118.244,37.669,15.698,31.666,4.957,45.724,0.75,79,8.367,80.562,4.697,2025-11-10 10:25:17.554219,10,2025-11-10,Peak (10AM-4PM)
2025-11-10 11:25:17.554219,US,Los Angeles,34.052,-118.244,28.135,116.255,37.307,6.29,80.392,0.805,116,28.764,73.277,4.234,2025-11-10 11:25:17.554219,11,2025-11-10,Peak (10AM-4PM)
2025-11-10 12:25:17.554219,US,Los Angeles,34.052,-118.244,55.534,75.305,18.709,7.125,68.488,0.748,111,21.341,73.909,2.297,2025-11-10 12:25:17.554219,12,2025-11-10,Peak (10AM-4PM)
2025-11-10 13:25:17.554219,US,Los Angeles,34.052,-118.244,37.826,55.188,49.633,4.639,57.016,0.621,124,26.704,33.945,4.15,2025-11-10 13:25:17.554219,13,2025-11-10,Peak (10AM-4PM)
2025-11-10 14:25:17.554219,US,Los Angeles,34.052,-118.244,65.039,60.772,36.103,3.658,21.792,0.476,130,17.469,66.34,4.051,2025-11-10 14:25:17.554219,14,2025-11-10,Peak (10AM-4PM)
2025-11-10 15:25:17.554219,US,Los Angeles,34.052,-118.244,18.603,60.6,32.119,5.023,27.098,1.07,80,6.413,66.21,6.705,2025-11-10 15:25:17.554219,15,2025-11-10,Peak (10AM-4PM)
2025-11-10 16:25:17.554219,US,Los Angeles,34.052,-118.244,45.726,51.968,32.929,5.844,28.244,1.199,91,25.545,82.887,1.248,2025-11-10 16:25:17.554219,16,2025-11-10,Peak (10AM-4PM)
2025-11-10 17:25:17.554219,US,Los Angeles,34.052,-118.244,16.948,106.829,25.84,3.592,49.927,0.698,106,12.549,82.373,1.258,2025-11-10 17:25:17.554219,17,2025-11-10,Transition
2025-11-10 18:25:17.554219,US,Los Angeles,34.052,-118.244,64.54,97.704,26.735,6.591,62.496,0.939,129,17.257,68.437,3.236,2025-11-10 18:25:17.554219,18,2025-11-10,Transition
2025-11-10 19:25:17.554219,US,Los Angeles,34.052,-118.244,27.218,37.972,23.363,7.554,65.014,0.3,58,23.376,61.715,0.725,2025-11-10 19:25:17.554219,19,2025-11-10,Transition
2025-11-10 20:25:17.554219,US,Los Angeles,34.052,-118.244,25.988,119.62,39.43,10.061,50.956,1.057,119,7.178,42.758,5.145,2025-11-10 20:25:17.554219,20,2025-11-10,Transition
2025-11-10 21:25:17.554219,US,Los Angeles,34.052,-118.244,54.09,104.31,36.341,5.346,55.208,0.727,108,23.452,69.234,8.84,2025-11-10 21:25:17.554219,21,2025-11-10,Transition
2025-11-10 22:25:17.554219,US,Los Angeles,34.052,-118.244,21.929,70.356,17.309,4.422,50.262,0.887,70,28.651,44.244,8.475,2025-11-10 22:25:17.554219,22,2025-11-10,Night (10PM-5AM)
2025-11-10 23:25:17.554219,US,Los Angeles,34.052,-118.244,39.459,104.151,45.851,7.856,61.074,0.57,114,8.591,81.555,4.282,2025-11-10 23:25:17.554219,23,2025-11-10,Night (10PM-5AM)
2025-11-11 00:25:17.554219,US,Los Angeles,34.052,-118.244,14.866,56.845,12.305,5.117,33.99,1.367,56,29.688,69.064,2.144,2025-11-11 00:25:17.554219,0,2025-11-11,Night (10PM-5AM)
2025-11-11 01:25:17.554219,US,Los Angeles,34.052,-118.244,25.221,59.705,16.634,3.029,64.204,0.633,59,28.118,28.886,1.321,2025-11-11 01:25:17.554219,1,2025-11-11,Night (10PM-5AM)
2025-11-11 02:25:17.554219,US,Los Angeles,34.052,-118.244,4.376,79.072,40.967,4.019,38.75,0.975,102,28.414,40.788,5.505,2025-11-11 02:25:17.554219,2,2025-11-11,Night (10PM-5AM)
2025-11-11 03:25:17.554219,US,Los Angeles,34.052,-118.244,35.366,39.685,48.476,1.591,62.533,0.555,121,13.479,65.275,2.913,2025-11-11 03:25:17.554219,3,2025-11-11,Night (10PM-5AM)
2025-11-11 04:25:17.554219,US,Los Angeles,34.052,-118.244,45.24,75.463,20.586,7.08,32.027,0.826,90,12.404,60.118,6.095,2025-11-11 04:25:17.554219,4,2025-11-11,Night (10PM-5AM)
2025-11-11 05:25:17.554219,US,Los Angeles,34.052,-118.244,5.043,54.697,36.185,3.898,65.078,0.875,90,11.331,68.95,7.07,2025-11-11 05:25:17.554219,5,2025-11-11,Night (10PM-5AM)
2025-11-11 06:25:17.554219,US,Los Angeles,34.052,-118.244,28.725,64.575,39.839,3.434,38.825,0.843,99,27.323,75.951,2.729,2025-11-11 06:25:17.554219,6,2025-11-11,Transition
2025-11-11 07:25:17.554219,US,Los Angeles,34.052,-118.244,13.089,99.982,41.147,8.436,32.635,0.547,102,20.27,71.121,4.91,2025-11-11 07:25:17.554219,7,2025-11-11,Transition
2025-11-11 08:25:17.554219,US,Los Angeles,34.052,-118.244,35.026,68.407,22.541,7.433,56.805,0.811,70,33.371,87.567,8.005,2025-11-11 08:25:17.554219,8,2025-11-11,Transition
2025-11-11 09:25:17.554219,US,Los Angeles,34.052,-118.244,3.866,91.123,43.969,5.967,48.849,1.001,109,6.574,48.123,6.312,2025-11-11 09:25:17.554219,9,2025-11-11,Transition
2025-11-11 10:25:17.554219,US,Los Angeles,34.052,-118.244,17.554,30.64,37.305,4.005,35.203,0.886,93,34.775,76.352,9.361,2025-11-11 10:25:17.554219,10,2025-11-11,Peak (10AM-4PM)
2025-11-11 11:25:17.554219,US,Los Angeles,34.052,-118.244,54.798,59.11,9.171,8.583,31.629,0.35,109,33.493,61.306,1.758,2025-11-11 11:25:17.554219,11,2025-11-11,Peak (10AM-4PM)
2025-11-11 12:25:17.554219,US,Los Angeles,34.052,-118.244,26.453,90.775,19.387,4.765,8.969,0.294,90,24.863,61.719,4.749,2025-11-11 12:25:17.554219,12,2025-11-11,Peak (10AM-4PM)
2025-11-11 13:25:17.554219,US,Los Angeles,34.052,-118.244,29.192,72.67,54.446,8.712,62.397,0.519,136,31.096,56.331,3.367,2025-11-11 13:25:17.554219,13,2025-11-11,Peak (10AM-4PM)
2025-11-11 14:25:17.554219,US,Los Angeles,34.052,-118.244,30.3,60.253,40.228,10.972,42.905,0.409,100,17.456,66.712,9.864,2025-11-11 14:25:17.554219,14,2025-11-11,Peak (10AM-4PM)
2025-11-11 15:25:17.554219,US,Los Angeles,34.052,-118.244,43.455,50.902,29.603,8.522,59.846,0.634,86,9.12,89.668,2.401,2025-11-11 15:25:17.554219,15,2025-11-11,Peak (10AM-4PM)
2025-11-11 16:25:17.554219,US,Los Angeles,34.052,-118.244,33.106,75.726,24.322,6.923,59.604,1.236,75,36.473,80.107,6.545,2025-11-11 16:25:17.554219,16,2025-11-11,Peak (10AM-4PM)
2025-11-11 17:25:17.554219,US,Los Angeles,34.052,-118.244,13.748,70.817,30.421,5.399,57.426,0.916,76,12.461,78.467,8.622,2025-11-11 17:25:17.554219,17,2025-11-11,Transition
2025-11-11 18:25:17.554219,US,Los Angeles,34.052,-118.244,42.467,2.306,35.205,7.111,41.209,0.506,88,9.545,47.716,8.803,2025-11-11 18:25:17.554219,18,2025-11-11,Transition
2025-11-11 19:25:17.554219,US,Los Angeles,34.052,-118.244,29.61,57.106,24.722,4.661,63.559,0.827,61,14.182,36.625,5.162,2025-11-11 19:25:17.554219,19,2025-11-11,Transition
2025-11-11 20:25:17.554219,US,Los Angeles,34.052,-118.244,9.387,12.88,47.698,8.311,49.981,0.808,119,27.231,84.798,5.737,2025-11-11 20:25:17.554219,20,2025-11-11,Transition
2025-11-11 21:25:17.554219,US,Los Angeles,34.052,-118.244,30.529,57.389,41.562,6.429,51.146,0.78,103,25.879,64.553,6.336,2025-11-11 21:25:17.554219,21,2025-11-11,Transition
2025-11-11 22:25:17.554219,US,Los Angeles,34.052,-118.244,73.407,52.114,34.412,5.568,62.545,0.172,146,14.292,57.378,9.997,2025-11-11 22:25:17.554219,22,2025-11-11,Night (10PM-5AM)
2025-11-11 23:25:17.554219,US,Los Angeles,34.052,-118.244,13.75,22.987,9.348,5.963,42.148,1.116,27,23.191,74.563,1.897,2025-11-11 23:25:17.554219,23,2025-11-11,Night (10PM-5AM)
2025-11-12 00:25:17.554219,US,Los Angeles,34.052,-118.244,25.697,61.493,59.796,8.548,47.156,0.355,149,19.099,37.401,7.846,2025-11-12 00:25:17.554219,0,2025-11-12,Night (10PM-5AM)
2025-11-12 01:25:17.554219,US,Los Angeles,34.052,-118.244,53.389,46.344,47.35,4.904,64.431,0.448,118,6.051,34.29,6.136,2025-11-12 01:25:17.554219,1,2025-11-12,Night (10PM-5AM)
2025-11-12 02:25:17.554219,US,Los Angeles,34.052,-118.244,55.09,84.121,42.879,6.505,51.11,0.78,110,13.948,69.99,6.627,2025-11-12 02:25:17.554219,2,2025-11-12,Night (10PM-5AM)
2025-11-12 03:25:17.554219,US,Los Angeles,34.052,-118.244,37.67,122.909,27.931,5.1,42.752,0.956,122,30.889,74.741,9.482,2025-11-12 03:25:17.554219,3,2025-11-12,Night (10PM-5AM)
2025-11-12 04:25:17.554219,US,Los Angeles,34.052,-118.244,37.195,32.541,1.124,5.371,46.639,1.174,74,35.662,75.817,5.599,2025-11-12 04:25:17.554219,4,2025-11-12,Night (10PM-5AM)
2025-11-12 05:25:17.554219,US,Los Angeles,34.052,-118.244,2.208,59.535,46.391,0.877,67.965,1.005,115,13.002,74.03,6.834,2025-11-12 05:25:17.554219,5,2025-11-12,Night (10PM-5AM)
2025-11-12 06:25:17.554219,US,Los Angeles,34.052,-118.244,20.189,26.55,40.191,0.504,34.09,1.137,100,34.379,29.742,3.22,2025-11-12 06:25:17.554219,6,2025-11-12,Transition
2025-11-12 07:25:17.554219,US,Los Angeles,34.052,-118.244,16.753,89.681,33.292,3.92,32.688,1.163,89,10.138,78.806,7.618,2025-11-12 07:25:17.554219,7,2025-11-12,Transition
2025-11-12 08:25:17.554219,US,Los Angeles,34.052,-118.244,40.289,105.593,22.098,7.601,51.474,1.024,105,28.354,82.98,7.475,2025-11-12 08:25:17.554219,8,2025-11-12,Transition
2025-11-12 09:25:17.554219,US,Los Angeles,34.052,-118.244,48.087,103.548,34.559,4.611,34.151,0.866,103,19.262,39.209,4.223,2025-11-12 09:25:17.554219,9,2025-11-12,Transition
2025-11-12 10:25:17.554219,US,Los Angeles,34.052,-118.244,39.787,122.695,43.632,6.009,76.752,0.608,122,28.247,41.175,3.709,2025-11-12 10:25:17.554219,10,2025-11-12,Peak (10AM-4PM)
2025-11-12 11:25:17.554219,US,Los Angeles,34.052,-118.244,49.022,115.711,44.717,3.209,35.577,0.302,115,33.36,56.051,4.341,2025-11-12 11:25:17.554219,11,2025-11-12,Peak (10AM-4PM)
2025-11-12 12:25:17.554219,US,Los Angeles,34.052,-118.244,76.437,51.625,12.287,6.721,57.854,0.779,152,22.857,26.563,3.939,2025-11-12 12:25:17.554219,12,2025-11-12,Peak (10AM-4PM)
2025-11-12 13:25:17.554219,US,Los Angeles,34.052,-118.244,40.76,16.539,52.808,6.338,33.081,0.591,132,29.233,31.82,5.29,2025-11-12 13:25:17.554219,13,2025-11-12,Peak (10AM-4PM)
2025-11-12 14:25:17.554219,US,Los Angeles,34.052,-118.244,58.782,93.473,35.681,5.968,53.891,0.864,117,16.735,48.402,4.498,2025-11-12 14:25:17.554219,14,2025-11-12,Peak (10AM-4PM)
2025-11-12 15:25:17.554219,US,Los Angeles,34.052,-118.244,50.334,80.289,7.441,7.638,39.185,0.299,100,21.719,60.997,8.749,2025-11-12 15:25:17.554219,15,2025-11-12,Peak (10AM-4PM)
2025-11-12 16:25:17.554219,US,Los Angeles,34.052,-118.244,33.232,115.153,28.462,2.803,62.706,0.893,115,19.725,41.288,6.517,2025-11-12 16:25:17.554219,16,2025-11-12,Peak (10AM-4PM)
2025-11-12 17:25:17.554219,US,Los Angeles,34.052,-118.244,46.67,105.526,44.869,5.59,44.122,0.815,112,11.502,69.342,5.726,2025-11-12 17:25:17.554219,17,2025-11-12,Transition
2025-11-12 18:25:17.554219,US,Los Angeles,34.052,-118.244,27.944,85.537,33.235,3.438,19.805,0.92,85,13.519,63.676,3.587,2025-11-12 18:25:17.554219,18,2025-11-12,Transition
2025-11-12 19:25:17.554219,US,Los Angeles,34.052,-118.244,47.198,48.756,34.698,3.659,42.256,0.908,94,21.602,72.072,2.776,2025-11-12 19:25:17.554219,19,2025-11-12,Transition
2025-11-12 20:25:17.554219,US,Los Angeles,34.052,-118.244,46.128,106.03,23.244,7.734,57.826,0.753,106,6.415,36.684,4.116,2025-11-12 20:25:17.554219,20,2025-11-12,Transition
2025-11-12 21:25:17.554219,US,Los Angeles,34.052,-118.244,18.083,84.521,12.983,4.712,50.116,0.936,84,21.191,67.55,9.277,2025-11-12 21:25:17.554219,21,2025-11-12,Transition
2025-11-12 22:25:17.554219,US,Los Angeles,34.052,-118.244,12.061,75.496,48.407,6.701,31.662,1.012,121,16.444,29.129,3.126,2025-11-12 22:25:17.554219,22,2025-11-12,Night (10PM-5AM)
2025-11-12 23:25:17.554219,US,Los Angeles,34.052,-118.244,35.046,63.323,6.892,8.907,51.671,1.022,70,35.236,88.761,3.976,2025-11-12 23:25:17.554219,23,2025-11-12,Night (10PM-5AM)
2025-11-13 00:25:17.554219,US,Los Angeles,34.052,-118.244,41.031,60.556,29.226,8.029,37.158,1.151,82,28.293,87.392,4.956,2025-11-13 00:25:17.554219,0,2025-11-13,Night (10PM-5AM)
2025-11-13 01:25:17.554219,US,Los Angeles,34.052,-118.244,11.784,53.586,32.803,1.383,42.438,0.65,82,36.961,67.292,7.86,2025-11-13 01:25:17.554219,1,2025-11-13,Night (10PM-5AM)
2025-11-13 02:25:17.554219,US,Los Angeles,34.052,-118.244,20.521,48.357,37.756,10.981,68.252,1.083,94,11.221,89.147,5.47,2025-11-13 02:25:17.554219,2,2025-11-13,Night (10PM-5AM)
2025-11-13 03:25:17.554219,US,Los Angeles,34.052,-118.244,30.066,66.987,27.727,8.501,27.786,0.444,69,22.472,64.965,1.029,2025-11-13 03:25:17.554219,3,2025-11-13,Night (10PM-5AM)
2025-11-13 04:25:17.554219,US,Los Angeles,34.052,-118.244,43.562,58.486,21.608,2.368,28.229,0.541,87,24.775,33.581,2.656,2025-11-13 04:25:17.554219,4,2025-11-13,Night (10PM-5AM)
2025-11-13 05:25:17.554219,US,Los Angeles,34.052,-118.244,47.672,81.127,26.345,4.135,46.364,0.873,95,18.317,41.455,3.486,2025-11-13 05:25:17.554219,5,2025-11-13,Night (10PM-5AM)
2025-11-13 06:25:17.554219,US,Los Angeles,34.052,-118.244,45.076,49.641,40.509,5.535,59.977,1.004,101,7.927,44.244,8.632,2025-11-13 06:25:17.554219,6,2025-11-13,Transition
2025-11-13 07:25:17.554219,US,Los Angeles,34.052,-118.244,35.017,100.433,32.546,9.754,27.706,1.118,100,23.006,34.381,3.135,2025-11-13 07:25:17.554219,7,2025-11-13,Transition
2025-11-13 08:25:17.554219,US,Los Angeles,34.052,-118.244,43.252,82.933,21.826,5.944,51.119,1.012,86,14.837,89.062,9.117,2025-11-13 08:25:17.554219,8,2025-11-13,Transition
2025-11-13 09:25:17.554219,US,Los Angeles,34.052,-118.244,10.76,88.678,28.788,8.787,54.741,0.258,88,6.558,87.07,3.882,2025-11-13 09:25:17.554219,9,2025-11-13,Transition
2025-11-13 10:25:17.554219,US,Los Angeles,34.052,-118.244,7.501,91.405,45.783,9.306,41.464,0.795,114,29.31,39.072,7.205,2025-11-13 10:25:17.554219,10,2025-11-13,Peak (10AM-4PM)
2025-11-13 11:25:17.554219,US,Los Angeles,34.052,-118.244,61.05,79.682,21.931,6.01,31.527,0.428,122,7.115,67.21,6.223,2025-11-13 11:25:17.554219,11,2025-11-13,Peak (10AM-4PM)
2025-11-13 12:25:17.554219,US,Los Angeles,34.052,-118.244,27.851,57.744,32.17,3.585,54.332,0.535,80,30.284,86.15,6.387,2025-11-13 12:25:17.554219,12,2025-11-13,Peak (10AM-4PM)
2025-11-13 13:25:17.554219,US,Los Angeles,34.052,-118.244,68.664,81.723,31.677,7.632,75.987,0.854,137,17.733,74.674,8.112,2025-11-13 13:25:17.554219,13,2025-11-13,Peak (10AM-4PM)
2025-11-13 14:25:17.554219,US,Los Angeles,34.052,-118.244,27.322,58.959,41.043,7.07,60.276,0.736,102,5.837,25.915,2.579,2025-11-13 14:25:17.554219,14,2025-11-13,Peak (10AM-4PM)
2025-11-13 15:25:17.554219,US,Los Angeles,34.052,-118.244,36.207,78.378,29.035,6.686,74.778,1.252,78,25.552,28.305,4.271,2025-11-13 15:25:17.554219,15,2025-11-13,Peak (10AM-4PM)
2025-11-13 16:25:17.554219,US,Los Angeles,34.052,-118.244,24.806,78.434,30.851,8.045,62.803,1.156,78,36.786,72.911,8.593,2025-11-13 16:25:17.554219,16,2025-11-13,Peak (10AM-4PM)
2025-11-13 17:25:17.554219,US,Los Angeles,34.052,-118.244,35.433,74.124,8.664,2.608,20.213,0.882,74,29.616,49.659,7.928,2025-11-13 17:25:17.554219,17,2025-11-13,Transition
2025-11-13 18:25:17.554219,US,Los Angeles,34.052,-118.244,38.558,60.895,26.939,5.096,40.703,0.973,77,13.969,71.093,1.606,2025-11-13 18:25:17.554219,18,2025-11-13,Transition
2025-11-13 19:25:17.554219,US,Los Angeles,34.052,-118.244,32.223,64.976,45.316,5.018,39.909,0.407,113,36.994,52.041,0.659,2025-11-13 19:25:17.554219,19,2025-11-13,Transition
2025-11-13 20:25:17.554219,US,Los Angeles,34.052,-118.244,34.913,39.204,14.562,10.474,22.201,0.277,69,10.941,34.843,3.397,2025-11-13 20:25:17.554219,20,2025-11-13,Transition
2025-11-13 21:25:17.554219,US,Los Angeles,34.052,-118.244,48.413,55.152,50.575,4.15,37.442,0.579,126,13.879,70.192,6.004,2025-11-13 21:25:17.554219,21,2025-11-13,Transition
2025-11-13 22:25:17.554219,US,Los Angeles,34.052,-118.244,42.821,23.745,19.18,6.319,51.392,0.92,85,25.506,46.661,5.816,2025-11-13 22:25:17.554219,22,2025-11-13,Night (10PM-5AM)
2025-11-13 23:25:17.554219,US,Los Angeles,34.052,-118.244,6.917,129.47,32.56,7.193,53.774,1.111,129,16.521,27.004,3.585,2025-11-13 23:25:17.554219,23,2025-11-13,Night (10PM-5AM)
2025-11-14 00:25:17.554219,US,Los Angeles,34.052,-118.244,82.908,81.713,39.126,4.224,57.883,0.803,165,25.455,56.966,9.322,2025-11-14 00:25:17.554219,0,2025-11-14,Night (10PM-5AM)
2025-11-14 01:25:17.554219,US,Los Angeles,34.052,-118.244,51.513,102.675,11.481,2.976,86.504,0.658,103,22.125,64.948,9.694,2025-11-14 01:25:17.554219,1,2025-11-14,Night (10PM-5AM)
2025-11-14 02:25:17.554219,US,Los Angeles,34.052,-118.244,0.264,27.097,33.397,2.379,80.737,0.71,83,5.135,56.828,8.692,2025-11-14 02:25:17.554219,2,2025-11-14,Night (10PM-5AM)
2025-11-14 03:25:17.554219,US,Los Angeles,34.052,-118.244,57.001,84.189,34.17,2.91,74.629,0.897,114,15.213,46.9,1.939,2025-11-14 03:25:17.554219,3,2025-11-14,Night (10PM-5AM)
2025-11-14 04:25:17.554219,US,Los Angeles,34.052,-118.244,14.139,57.891,38.217,5.513,56.998,0.936,95,20.862,45.858,1.313,2025-11-14 04:25:17.554219,4,2025-11-14,Night (10PM-5AM)
2025-11-14 05:25:17.554219,US,Los Angeles,34.052,-118.244,29.938,39.658,34.245,4.165,26.433,0.748,85,5.528,34.74,6.999,2025-11-14 05:25:17.554219,5,2025-11-14,Night (10PM-5AM)
2025-11-14 06:25:17.554219,US,Los Angeles,34.052,-118.244,55.042,60.682,10.964,7.026,32.725,0.72,110,13.807,52.328,4.742,2025-11-14 06:25:17.554219,6,2025-11-14,Transition
2025-11-14 07:25:17.554219,US,Los Angeles,34.052,-118.244,94.671,24.381,9.807,9.209,45.569,0.659,189,32.858,27.39,8.261,2025-11-14 07:25:17.554219,7,2025-11-14,Transition
2025-11-14 08:25:17.554219,US,Los Angeles,34.052,-118.244,60.415,75.03,26.522,5.861,29.857,0.957,120,14.846,57.364,8.625,2025-11-14 08:25:17.554219,8,2025-11-14,Transition
2025-11-14 09:25:17.554219,US,Los Angeles,34.052,-118.244,7.016,55.443,32.115,6.421,49.641,0.708,80,32.211,63.705,7.627,2025-11-14 09:25:17.554219,9,2025-11-14,Transition
2025-11-14 10:25:17.554219,US,Los Angeles,34.052,-118.244,59.748,61.848,38.423,10.335,55.711,0.504,119,10.997,88.482,6.276,2025-11-14 10:25:17.554219,10,2025-11-14,Peak (10AM-4PM)
2025-11-14 11:25:17.554219,US,Los Angeles,34.052,-118.244,31.826,55.551,9.402,7.274,67.3,1.064,63,15.269,83.591,9.263,2025-11-14 11:25:17.554219,11,2025-11-14,Peak (10AM-4PM)
2025-11-14 12:25:17.554219,US,Los Angeles,34.052,-118.244,32.602,53.28,24.161,7.78,62.85,0.65,65,15.443,66.735,4.276,2025-11-14 12:25:17.554219,12,2025-11-14,Peak (10AM-4PM)
2025-11-14 13:25:17.554219,US,Los Angeles,34.052,-118.244,20.29,61.219,27.679,9.811,27.884,0.516,69,11.353,65.987,4.797,2025-11-14 13:25:17.554219,13,2025-11-14,Peak (10AM-4PM)
2025-11-14 14:25:17.554219,US,Los Angeles,34.052,-118.244,50.921,47.182,55.004,6.043,51.038,0.554,137,15.457,50.841,5.927,2025-11-14 14:25:17.554219,14,2025-11-14,Peak (10AM-4PM)
2025-11-14 15:25:17.554219,US,Los Angeles,34.052,-118.244,61.984,83.722,24.622,4.204,45.514,0.926,123,12.92,40.602,3.963,2025-11-14 15:25:17.554219,15,2025-11-14,Peak (10AM-4PM)
2025-11-14 16:25:17.554219,US,Los Angeles,34.052,-118.244,35.752,40.254,14.49,1.884,52.415,0.583,71,5.508,25.621,4.573,2025-11-14 16:25:17.554219,16,2025-11-14,Peak (10AM-4PM)
2025-11-14 17:25:17.554219,US,Los Angeles,34.052,-118.244,34.13,52.876,17.534,7.367,33.229,0.871,68,9.235,27.043,3.317,2025-11-14 17:25:17.554219,17,2025-11-14,Transition
2025-11-14 18:25:17.554219,US,Los Angeles,34.052,-118.244,50.123,77.613,3.122,5.365,58.099,0.862,100,22.048,84.005,2.95,2025-11-14 18:25:17.554219,18,2025-11-14,Transition
2025-11-14 19:25:17.554219,US,Los Angeles,34.052,-118.244,66.275,102.011,3.323,10.168,29.96,0.621,132,12.187,69.932,8.703,2025-11-14 19:25:17.554219,19,2025-11-14,Transition
2025-11-14 20:25:17.554219,US,Los Angeles,34.052,-118.244,23.816,61.156,42.203,4.638,39.674,0.583,105,11.595,82.938,8.078,2025-11-14 20:25:17.554219,20,2025-11-14,Transition
2025-11-14 21:25:17.554219,US,Los Angeles,34.052,-118.244,75.571,89.923,17.52,4.508,74.809,0.702,151,34.582,48.093,6.456,2025-11-14 21:25:17.554219,21,2025-11-14,Transition
2025-11-14 22:25:17.554219,US,Los Angeles,34.052,-118.244,64.632,61.641,41.862,10.211,50.118,0.902,129,36.166,64.66,3.686,2025-11-14 22:25:17.554219,22,2025-11-14,Night (10PM-5AM)
2025-11-14 23:25:17.554219,US,Los Angeles,34.052,-118.244,65.594,113.274,22.384,4.214,53.668,1.035,131,13.112,26.231,2.122,2025-11-14 23:25:17.554219,23,2025-11-14,Night (10PM-5AM)
2025-11-15 00:25:17.554219,US,Los Angeles,34.052,-118.244,43.924,72.091,60.711,5.194,49.882,0.584,151,6.285,72.46,7.311,2025-11-15 00:25:17.554219,0,2025-11-15,Night (10PM-5AM)
2025-11-15 01:25:17.554219,US,Los Angeles,34.052,-118.244,20.39,27.812,48.191,6.789,41.383,0.795,120,16.982,48.473,9.428,2025-11-15 01:25:17.554219,1,2025-11-15,Night (10PM-5AM)
2025-11-15 02:25:17.554219,US,Los Angeles,34.052,-118.244,54.147,58.56,44.144,4.347,64.966,0.448,110,15.63,77.824,4.604,2025-11-15 02:25:17.554219,2,2025-11-15,Night (10PM-5AM)
2025-11-15 03:25:17.554219,US,Los Angeles,34.052,-118.244,47.598,112.549,32.536,5.759,46.204,0.549,112,30.459,59.151,2.419,2025-11-15 03:25:17.554219,3,2025-11-15,Night (10PM-5AM)
2025-11-15 04:25:17.554219,US,Los Angeles,34.052,-118.244,60.193,71.885,19.467,4.568,65.806,0.692,120,32.491,86.388,3.6,2025-11-15 04:25:17.554219,4,2025-11-15,Night (10PM-5AM)
2025-11-15 05:25:17.554219,US,Los Angeles,34.052,-118.244,22.538,97.745,43.749,4.657,19.664,0.857,109,15.726,75.051,8.184,2025-11-15 05:25:17.554219,5,2025-11-15,Night (10PM-5AM)
2025-11-15 06:25:17.554219,US,Los Angeles,34.052,-118.244,38.633,52.678,22.641,5.7,28.05,0.944,77,31.82,76.825,1.341,2025-11-15 06:25:17.554219,6,2025-11-15,Transition
2025-11-15 07:25:17.554219,US,Los Angeles,34.052,-118.244,64.922,58.285,25.891,5.6,55.968,0.649,129,24.336,71.901,3.779,2025-11-15 07:25:17.554219,7,2025-11-15,Transition
2025-11-15 08:25:17.554219,US,Los Angeles,34.052,-118.244,21.637,70.093,40.014,5.272,61.014,1.096,100,22.776,84.082,0.848,2025-11-15 08:25:17.554219,8,2025-11-15,Transition
2025-11-15 09:25:17.554219,US,Los Angeles,34.052,-118.244,31.179,52.107,52.849,7.227,36.46,1.149,132,34.228,88.09,7.595,2025-11-15 09:25:17.554219,9,2025-11-15,Transition
2025-11-15 10:25:17.554219,US,Los Angeles,34.052,-118.244,40.857,95.583,45.207,8.394,37.447,0.662,113,27.47,34.298,5.418,2025-11-15 10:25:17.554219,10,2025-11-15,Peak (10AM-4PM)
2025-11-15 11:25:17.554219,US,Los Angeles,34.052,-118.244,42.347,89.968,30.329,4.718,50.259,0.896,89,35.486,34.58,1.733,2025-11-15 11:25:17.554219,11,2025-11-15,Peak (10AM-4PM)
2025-11-15 12:25:17.554219,US,Los Angeles,34.052,-118.244,56.833,42.703,0.121,6.073,46.883,1.307,113,12.491,58.412,2.866,2025-11-15 12:25:17.554219,12,2025-11-15,Peak (10AM-4PM)
2025-11-15 13:25:17.554219,US,Los Angeles,34.052,-118.244,21.066,42.588,27.818,3.715,54.797,0.874,69,21.892,51.428,9.704,2025-11-15 13:25:17.554219,13,2025-11-15,Peak (10AM-4PM)
2025-11-15 14:25:17.554219,US,Los Angeles,34.052,-118.244,43.254,74.338,71.111,3.512,44.783,0.734,177,17.969,66.199,2.367,2025-11-15 14:25:17.554219,14,2025-11-15,Peak (10AM-4PM)
2025-11-15 15:25:17.554219,US,Los Angeles,34.052,-118.244,29.127,17.904,41.367,5.198,60.913,0.485,103,37.616,50.115,0.694,2025-11-15 15:25:17.554219,15,2025-11-15,Peak (10AM-4PM)
2025-11-15 16:25:17.554219,US,Los Angeles,34.052,-118.244,47.269,38.093,19.349,10.21,60.177,0.805,94,32.011,49.25,1.53,2025-11-15 16:25:17.554219,16,2025-11-15,Peak (10AM-4PM)
2025-11-15 17:25:17.554219,US,Los Angeles,34.052,-118.244,25.21,15.117,26.164,2.62,59.136,0.672,65,24.117,44.886,2.354,2025-11-15 17:25:17.554219,17,2025-11-15,Transition
2025-11-15 18:25:17.554219,US,Los Angeles,34.052,-118.244,70.529,47.642,38.557,3.743,67.178,0.543,141,27.64,78.726,4.212,2025-11-15 18:25:17.554219,18,2025-11-15,Transition
2025-11-15 19:25:17.554219,US,Los Angeles,34.052,-118.244,40.841,81.676,24.313,10.762,41.661,1.228,81,33.627,87.265,6.159,2025-11-15 19:25:17.554219,19,2025-11-15,Transition
2025-11-15 20:25:17.554219,US,Los Angeles,34.052,-118.244,28.23,46.358,11.295,7.435,34.908,0.526,56,23.979,70.705,4.477,2025-11-15 20:25:17.554219,20,2025-11-15,Transition
2025-11-15 21:25:17.554219,US,Los Angeles,34.052,-118.244,44.295,108.979,56.765,4.037,19.953,0.729,141,32.474,50.476,9.914,2025-11-15 21:25:17.554219,21,2025-11-15,Transition
2025-11-15 22:25:17.554219,US,Los Angeles,34.052,-118.244,52.525,79.329,37.933,5.864,50.39,0.979,105,12.992,45.823,4.494,2025-11-15 22:25:17.554219,22,2025-11-15,Night (10PM-5AM)
2025-11-15 23:25:17.554219,US,Los Angeles,34.052,-118.244,46.01,89.124,34.955,9.616,64.28,0.092,92,23.695,40.834,0.706,2025-11-15 23:25:17.554219,23,2025-11-15,Night (10PM-5AM)
2025-11-16 00:25:17.554219,US,Los Angeles,34.052,-118.244,46.483,75.186,10.397,7.331,49.383,0.832,92,27.466,43.408,6.243,2025-11-16 00:25:17.554219,0,2025-11-16,Night (10PM-5AM)
2025-11-16 01:25:17.554219,US,Los Angeles,34.052,-118.244,42.481,60.552,17.927,4.92,53.518,0.915,84,16.151,25.706,3.322,2025-11-16 01:25:17.554219,1,2025-11-16,Night (10PM-5AM)
2025-11-16 02:25:17.554219,US,Los Angeles,34.052,-118.244,70.79,26.714,36.618,6.547,71.08,1.251,141,14.888,45.844,9.378,2025-11-16 02:25:17.554219,2,2025-11-16,Night (10PM-5AM)
2025-11-16 03:25:17.554219,US,Los Angeles,34.052,-118.244,57.155,84.471,44.708,8.068,55.217,0.531,114,21.863,77.257,1.896,2025-11-16 03:25:17.554219,3,2025-11-16,Night (10PM-5AM)
2025-11-16 04:25:17.554219,US,Los Angeles,34.052,-118.244,44.049,50.235,38.628,11.203,65.418,0.917,96,35.384,28.462,1.826,2025-11-16 04:25:17.554219,4,2025-11-16,Night (10PM-5AM)
2025-11-16 05:25:17.554219,US,Los Angeles,34.052,-118.244,45.909,48.728,31.257,8.617,44.472,1.302,91,18.026,72.027,3.54,2025-11-16 05:25:17.554219,5,2025-11-16,Night (10PM-5AM)
2025-11-16 06:25:17.554219,US,Los Angeles,34.052,-118.244,85.091,76.443,30.13,7.614,44.87,0.446,170,36.63,50.212,8.358,2025-11-16 06:25:17.554219,6,2025-11-16,Transition
2025-11-16 07:25:17.554219,US,Los Angeles,34.052,-118.244,68.638,77.405,26.573,5.892,61.711,0.528,137,9.14,33.355,2.393,2025-11-16 07:25:17.554219,7,2025-11-16,Transition
2025-11-16 08:25:17.554219,US,Los Angeles,34.052,-118.244,52.374,53.038,48.121,6.641,56.887,0.561,120,9.929,35.694,2.003,2025-11-16 08:25:17.554219,8,2025-11-16,Transition
2025-11-16 09:25:17.554219,US,Los Angeles,34.052,-118.244,62.237,91.363,30.494,6.515,41.665,0.427,124,33.265,66.668,6.228,2025-11-16 09:25:17.554219,9,2025-11-16,Transition
2025-11-16 10:25:17.554219,US,Los Angeles,34.052,-118.244,36.538,41.605,27.902,5.988,67.3,0.9,73,10.571,64.061,6.271,2025-11-16 10:25:17.554219,10,2025-11-16,Peak (10AM-4PM)
2025-11-16 11:25:17.554219,US,Los Angeles,34.052,-118.244,31.011,47.766,36.013,8.632,45.827,0.889,90,26.637,39.223,4.103,2025-11-16 11:25:17.554219,11,2025-11-16,Peak (10AM-4PM)
2025-11-16 12:25:17.554219,US,Los Angeles,34.052,-118.244,44.5,69.243,18.131,2.46,55.374,0.834,88,33.539,25.093,4.417,2025-11-16 12:25:17.554219,12,2025-11-16,Peak (10AM-4PM)
2025-11-16 13:25:17.554219,US,Los Angeles,34.052,-118.244,33.202,86.771,15.327,3.238,31.863,0.607,86,31.514,77.186,9.134,2025-11-16 13:25:17.554219,13,2025-11-16,Peak (10AM-4PM)
2025-11-16 14:25:17.554219,US,Los Angeles,34.052,-118.244,34.57,41.473,35.091,5.721,34.04,0.867,87,19.406,37.909,1.159,2025-11-16 14:25:17.554219,14,2025-11-16,Peak (10AM-4PM)
2025-11-16 15:25:17.554219,US,Los Angeles,34.052,-118.244,45.86,75.022,38.004,6.501,47.766,0.795,95,34.219,86.673,9.971,2025-11-16 15:25:17.554219,15,2025-11-16,Peak (10AM-4PM)
2025-11-16 16:25:17.554219,US,Los Angeles,34.052,-118.244,59.251,125.578,17.61,9.325,33.654,0.854,125,10.248,68.87,7.334,2025-11-16 16:25:17.554219,16,2025-11-16,Peak (10AM-4PM)
2025-11-16 17:25:17.554219,US,Los Angeles,34.052,-118.244,37.284,113.687,30.881,6.058,46.077,1.149,113,35.278,61.195,5.214,2025-11-16 17:25:17.554219,17,2025-11-16,Transition
2025-11-16 18:25:17.554219,US,Los Angeles,34.052,-118.244,27.684,57.545,17.188,7.166,58.935,1.33,57,6.108,73.709,1.729,2025-11-16 18:25:17.554219,18,2025-11-16,Transition
2025-11-16 19:25:17.554219,US,Los Angeles,34.052,-118.244,37.647,78.383,38.598,4.395,32.628,0.702,96,30.562,63.871,1.519,2025-11-16 19:25:17.554219,19,2025-11-16,Transition
2025-11-16 20:25:17.554219,US,Los Angeles,34.052,-118.244,33.26,108.855,22.276,7.082,42.637,0.836,108,34.993,78.44,1.169,2025-11-16 20:25:17.554219,20,2025-11-16,Transition
2025-11-16 21:25:17.554219,US,Los Angeles,34.052,-118.244,42.148,77.354,19.059,3.015,47.288,0.805,84,18.223,84.705,9.146,2025-11-16 21:25:17.554219,21,2025-11-16,Transition
2025-11-16 22:25:17.554219,US,Los Angeles,34.052,-118.244,12.474,82.156,25.265,5.109,25.518,0.721,82,28.798,76.719,5.562,2025-11-16 22:25:17.554219,22,2025-11-16,Night (10PM-5AM)
2025-11-16 23:25:17.554219,US,Los Angeles,34.052,-118.244,24.839,128.783,33.0,5.667,51.365,0.802,128,32.238,75.086,5.568,2025-11-16 23:25:17.554219,23,2025-11-16,Night (10PM-5AM)
2025-11-17 00:25:17.554219,US,Los Angeles,34.052,-118.244,85.181,71.125,41.939,8.494,72.264,0.81,170,6.552,46.908,9.922,2025-11-17 00:25:17.554219,0,2025-11-17,Night (10PM-5AM)
2025-11-17 01:25:17.554219,US,Los Angeles,34.052,-118.244,23.735,78.047,20.497,5.698,42.049,0.677,78,30.594,81.161,3.024,2025-11-17 01:25:17.554219,1,2025-11-17,Night (10PM-5AM)
2025-11-17 02:25:17.554219,US,Los Angeles,34.052,-118.244,17.474,61.038,40.712,9.191,33.931,0.978,101,24.082,55.223,3.815,2025-11-17 02:25:17.554219,2,2025-11-17,Night (10PM-5AM)
2025-11-17 03:25:17.554219,US,Los Angeles,34.052,-118.244,53.278,36.967,24.292,4.122,22.522,1.2,106,5.299,70.271,2.735,2025-11-17 03:25:17.554219,3,2025-11-17,Night (10PM-5AM)
2025-11-17 04:25:17.554219,US,Los Angeles,34.052,-118.244,30.179,54.284,23.15,7.326,33.863,0.762,60,5.621,61.74,2.728,2025-11-17 04:25:17.554219,4,2025-11-17,Night (10PM-5AM)
2025-11-17 05:25:17.554219,US,Los Angeles,34.052,-118.244,50.16,39.854,60.39,10.166,63.559,0.832,150,22.899,58.743,9.297,2025-11-17 05:25:17.554219,5,2025-11-17,Night (10PM-5AM)
2025-11-17 06:25:17.554219,US,Los Angeles,34.052,-118.244,50.026,86.76,36.956,5.782,42.249,0.903,100,17.224,71.061,7.071,2025-11-17 06:25:17.554219,6,2025-11-17,Transition
2025-11-17 07:25:17.554219,US,Los Angeles,34.052,-118.244,65.389,29.416,24.166,4.407,44.376,0.722,130,31.877,56.679,0.857,2025-11-17 07:25:17.554219,7,2025-11-17,Transition
2025-11-17 08:25:17.554219,US,Los Angeles,34.052,-118.244,40.546,69.085,31.478,3.698,35.698,1.136,81,13.632,46.616,1.095,2025-11-17 08:25:17.554219,8,2025-11-17,Transition
2025-11-17 09:25:17.554219,US,Los Angeles,34.052,-118.244,61.357,61.469,43.526,2.988,32.077,1.46,122,12.421,25.96,9.147,2025-11-17 09:25:17.554219,9,2025-11-17,Transition
2025-11-17 10:25:17.554219,US,Los Angeles,34.052,-118.244,63.039,83.274,32.807,8.123,48.73,0.86,126,16.209,48.384,6.297,2025-11-17 10:25:17.554219,10,2025-11-17,Peak (10AM-4PM)
2025-11-17 11:25:17.554219,US,Los Angeles,34.052,-118.244,37.625,73.55,27.035,5.43,58.368,0.73,75,21.916,42.18,7.914,2025-11-17 11:25:17.554219,11,2025-11-17,Peak (10AM-4PM)
2025-11-17 12:25:17.554219,US,Los Angeles,34.052,-118.244,20.708,77.788,24.561,7.753,71.337,0.618,77,18.939,32.593,3.517,2025-11-17 12:25:17.554219,12,2025-11-17,Peak (10AM-4PM)
2025-11-17 13:25:17.554219,US,Los Angeles,34.052,-118.244,32.731,39.567,20.237,8.273,38.983,1.035,65,14.192,47.487,6.296,2025-11-17 13:25:17.554219,13,2025-11-17,Peak (10AM-4PM)
2025-11-17 14:25:17.554219,US,Los Angeles,34.052,-118.244,35.23,97.097,56.885,4.408,35.453,0.92,142,28.941,49.514,1.87,2025-11-17 14:25:17.554219,14,2025-11-17,Peak (10AM-4PM)
2025-11-17 15:25:17.554219,US,Los Angeles,34.052,-118.244,31.517,49.521,28.429,4.493,48.746,0.823,71,12.033,44.242,5.352,2025-11-17 15:25:17.554219,15,2025-11-17,Peak (10AM-4PM)
2025-11-17 16:25:17.554219,US,Los Angeles,34.052,-118.244,63.299,54.913,36.359,5.909,33.994,1.443,126,35.82,26.745,4.73,2025-11-17 16:25:17.554219,16,2025-11-17,Peak (10AM-4PM)
2025-11-17 17:25:17.554219,US,Los Angeles,34.052,-118.244,51.42,67.552,35.989,1.375,51.549,0.662,102,36.815,31.649,4.512,2025-11-17 17:25:17.554219,17,2025-11-17,Transition
2025-11-17 18:25:17.554219,US,Los Angeles,34.052,-118.244,46.659,130.469,23.209,4.619,54.267,0.397,130,20.565,44.752,1.978,2025-11-17 18:25:17.554219,18,2025-11-17,Transition
2025-11-17 19:25:17.554219,US,Los Angeles,34.052,-118.244,17.515,64.324,50.875,4.229,42.187,1.003,127,11.319,80.539,2.122,2025-11-17 19:25:17.554219,19,2025-11-17,Transition
2025-11-17 20:25:17.554219,US,Los Angeles,34.052,-118.244,28.164,59.24,40.971,9.563,64.655,0.712,102,30.915,37.658,8.365,2025-11-17 20:25:17.554219,20,2025-11-17,Transition
2025-11-17 21:25:17.554219,US,Los Angeles,34.052,-118.244,70.249,50.391,64.442,8.459,28.425,1.204,161,36.531,85.85,3.206,2025-11-17 21:25:17.554219,21,2025-11-17,Transition
2025-11-17 22:25:17.554219,US,Los Angeles,34.052,-118.244,86.582,76.127,61.075,6.947,64.021,0.869,173,22.905,57.447,4.974,2025-11-17 22:25:17.554219,22,2025-11-17,Night (10PM-5AM)
2025-11-17 23:25:17.554219,US,Los Angeles,34.052,-118.244,57.52,66.158,27.746,5.011,65.771,1.097,115,20.672,56.31,5.928,2025-11-17 23:25:17.554219,23,2025-11-17,Night (10PM-5AM)
2025-11-18 00:25:17.554219,US,Los Angeles,34.052,-118.244,53.992,84.748,17.846,5.632,40.541,0.396,107,25.898,36.64,8.66,2025-11-18 00:25:17.554219,0,2025-11-18,Night (10PM-5AM)
2025-11-18 01:25:17.554219,US,Los Angeles,34.052,-118.244,70.466,22.439,27.327,1.471,50.927,0.426,140,29.401,68.505,4.96,2025-11-18 01:25:17.554219,1,2025-11-18,Night (10PM-5AM)
2025-11-18 02:25:17.554219,US,Los Angeles,34.052,-118.244,36.936,54.764,27.181,4.526,51.629,1.113,73,15.574,38.048,8.661,2025-11-18 02:25:17.554219,2,2025-11-18,Night (10PM-5AM)
2025-11-18 03:25:17.554219,US,Los Angeles,34.052,-118.244,55.502,51.626,30.595,4.801,59.175,1.065,111,33.676,63.434,3.249,2025-11-18 03:25:17.554219,3,2025-11-18,Night (10PM-5AM)
2025-11-18 04:25:17.554219,US,Los Angeles,34.052,-118.244,34.925,98.72,15.604,4.221,57.179,0.851,98,25.944,33.993,3.901,2025-11-18 04:25:17.554219,4,2025-11-18,Night (10PM-5AM)
2025-11-18 05:25:17.554219,US,Los Angeles,34.052,-118.244,41.586,40.369,47.054,6.33,34.918,0.922,117,37.906,44.029,8.939,2025-11-18 05:25:17.554219,5,2025-11-18,Night (10PM-5AM)
2025-11-18 06:25:17.554219,US,Los Angeles,34.052,-118.244,20.01,33.787,27.528,3.918,67.242,1.204,68,32.973,88.394,9.761,2025-11-18 06:25:17.554219,6,2025-11-18,Transition
2025-11-18 07:25:17.554219,US,Los Angeles,34.052,-118.244,24.091,79.416,33.355,8.862,62.923,0.732,83,33.384,26.923,9.549,2025-11-18 07:25:17.554219,7,2025-11-18,Transition
2025-11-18 08:25:17.554219,US,Los Angeles,34.052,-118.244,50.694,85.195,30.657,6.446,32.618,1.175,101,30.115,36.924,2.9,2025-11-18 08:25:17.554219,8,2025-11-18,Transition
2025-11-18 09:25:17.554219,US,Los Angeles,34.052,-118.244,40.712,90.486,31.037,8.568,54.397,0.82,90,19.859,70.045,7.976,2025-11-18 09:25:17.554219,9,2025-11-18,Transition
2025-11-18 10:25:17.554219,US,Los Angeles,34.052,-118.244,39.102,62.315,9.231,5.557,48.366,1.062,78,12.124,79.208,2.83,2025-11-18 10:25:17.554219,10,2025-11-18,Peak (10AM-4PM)
2025-11-18 11:25:17.554219,US,Los Angeles,34.052,-118.244,44.352,124.917,52.033,7.068,70.111,1.682,130,25.445,89.008,9.593,2025-11-18 11:25:17.554219,11,2025-11-18,Peak (10AM-4PM)
2025-11-18 12:25:17.554219,US,Los Angeles,34.052,-118.244,29.633,89.131,32.952,0.413,30.318,0.652,89,32.592,89.867,8.257,2025-11-18 12:25:17.554219,12,2025-11-18,Peak (10AM-4PM)
2025-11-18 13:25:17.554219,US,Los Angeles,34.052,-118.244,56.148,44.061,37.993,4.91,53.783,0.483,112,23.688,86.069,1.967,2025-11-18 13:25:17.554219,13,2025-11-18,Peak (10AM-4PM)
2025-11-18 14:25:17.554219,US,Los Angeles,34.052,-118.244,54.375,67.715,20.555,8.477,8.849,0.822,108,12.634,78.684,1.483,2025-11-18 14:25:17.554219,14,2025-11-18,Peak (10AM-4PM)
2025-11-18 15:25:17.554219,US,Los Angeles,34.052,-118.244,11.388,44.222,57.846,4.57,47.762,0.964,144,37.687,74.151,3.341,2025-11-18 15:25:17.554219,15,2025-11-18,Peak (10AM-4PM)
2025-11-18 16:25:17.554219,US,Los Angeles,34.052,-118.244,47.759,98.554,48.967,8.759,52.451,0.993,122,37.548,87.343,2.053,2025-11-18 16:25:17.554219,16,2025-11-18,Peak (10AM-4PM)
2025-11-18 17:25:17.554219,US,Los Angeles,34.052,-118.244,64.462,70.691,18.957,5.37,32.967,0.26,128,37.701,37.248,6.081,2025-11-18 17:25:17.554219,17,2025-11-18,Transition
2025-11-18 18:25:17.554219,US,Los Angeles,34.052,-118.244,33.064,60.393,42.855,7.616,53.16,1.011,107,23.657,69.431,1.236,2025-11-18 18:25:17.554219,18,2025-11-18,Transition
2025-11-18 19:25:17.554219,US,Los Angeles,34.052,-118.244,29.181,91.413,19.379,4.435,56.958,0.688,91,6.473,77.277,8.878,2025-11-18 19:25:17.554219,19,2025-11-18,Transition
2025-11-18 20:25:17.554219,US,Los Angeles,34.052,-118.244,66.509,60.16,42.826,4.181,33.256,0.599,133,31.76,81.405,2.994,2025-11-18 20:25:17.554219,20,2025-11-18,Transition
2025-11-18 21:25:17.554219,US,Los Angeles,34.052,-118.244,41.783,81.448,44.952,4.87,51.294,1.055,112,12.586,84.129,3.228,2025-11-18 21:25:17.554219,21,2025-11-18,Transition
2025-11-18 22:25:17.554219,US,Los Angeles,34.052,-118.244,47.99,62.026,25.192,8.873,52.583,1.062,95,17.745,63.097,5.726,2025-11-18 22:25:17.554219,22,2025-11-18,Night (10PM-5AM)
2025-11-18 23:25:17.554219,US,Los Angeles,34.052,-118.244,26.656,23.552,38.32,7.734,32.347,0.798,95,23.863,73.685,4.93,2025-11-18 23:25:17.554219,23,2025-11-18,Night (10PM-5AM)
